estrutura;caso;algoritmo;tamanho;tempo_ms_medio
ListaArranjo;caso_ordem_crescente;bubbleSort;1000;17,7366
ListaArranjo;caso_ordem_crescente;selectionSort;1000;7,7323
ListaArranjo;caso_ordem_crescente;insertionSort;1000;5,2667
ListaArranjo;caso_ordem_crescente;shellSort;1000;4,1738
ListaArranjo;caso_ordem_crescente;mergeSort;1000;1,9963
ListaArranjo;caso_ordem_crescente;quickSort;1000;4,1522
ListaArranjo;caso_ordem_crescente;heapSort;1000;2,0602
ListaApontador;caso_ordem_crescente;bubbleSort;1000;5,8737
ListaApontador;caso_ordem_crescente;selectionSort;1000;5,4834
ListaApontador;caso_ordem_crescente;insertionSort;1000;2,6628
ListaApontador;caso_ordem_crescente;mergeSort;1000;3,6514
ListaApontador;caso_ordem_crescente;shellSort;1000;3,1975
ListaApontador;caso_ordem_crescente;heapSort;1000;3,0228
ListaApontador;caso_ordem_crescente;quickSort;1000;3,6762
ListaDupla;caso_ordem_crescente;bubbleSort;1000;4,6661
ListaDupla;caso_ordem_crescente;selectionSort;1000;4,5313
ListaDupla;caso_ordem_crescente;insertionSort;1000;1,6069
ListaDupla;caso_ordem_crescente;mergeSort;1000;1,8701
ListaDupla;caso_ordem_crescente;quickSort;1000;4,5772
ListaDupla;caso_ordem_crescente;shellSort;1000;2,4571
ListaDupla;caso_ordem_crescente;heapSort;1000;2,0305
ListaArranjo;caso_ordem_crescente;bubbleSort;10000;78,2118
ListaArranjo;caso_ordem_crescente;selectionSort;10000;66,2877
ListaArranjo;caso_ordem_crescente;insertionSort;10000;13,8173
ListaArranjo;caso_ordem_crescente;shellSort;10000;13,0462
ListaArranjo;caso_ordem_crescente;mergeSort;10000;22,9055
ListaArranjo;caso_ordem_crescente;quickSort;10000;83,8066
ListaArranjo;caso_ordem_crescente;heapSort;10000;13,5210
ListaApontador;caso_ordem_crescente;bubbleSort;10000;616,1869
ListaApontador;caso_ordem_crescente;selectionSort;10000;581,7912
ListaApontador;caso_ordem_crescente;insertionSort;10000;12,9378
ListaApontador;caso_ordem_crescente;mergeSort;10000;14,4695
ListaApontador;caso_ordem_crescente;shellSort;10000;15,8337
ListaApontador;caso_ordem_crescente;heapSort;10000;14,3818
ListaApontador;caso_ordem_crescente;quickSort;10000;86,5519
ListaDupla;caso_ordem_crescente;bubbleSort;10000;588,3830
ListaDupla;caso_ordem_crescente;selectionSort;10000;601,1037
ListaDupla;caso_ordem_crescente;insertionSort;10000;13,3565
ListaDupla;caso_ordem_crescente;mergeSort;10000;14,6650
ListaDupla;caso_ordem_crescente;quickSort;10000;603,1162
ListaDupla;caso_ordem_crescente;shellSort;10000;15,3105
ListaDupla;caso_ordem_crescente;heapSort;10000;14,9137
ListaArranjo;caso_ordem_crescente;insertionSort;50000;68,7915
ListaArranjo;caso_ordem_crescente;shellSort;50000;95,7065
ListaArranjo;caso_ordem_crescente;mergeSort;50000;72,2188
ListaArranjo;caso_ordem_crescente;quickSort;50000;3998,4852
ListaArranjo;caso_ordem_crescente;heapSort;50000;64,6243
ListaApontador;caso_ordem_crescente;insertionSort;50000;69,4945
ListaApontador;caso_ordem_crescente;mergeSort;50000;86,4833
ListaApontador;caso_ordem_crescente;shellSort;50000;82,0311
ListaApontador;caso_ordem_crescente;heapSort;50000;90,8132
ListaApontador;caso_ordem_crescente;quickSort;50000;4996,0309
ListaDupla;caso_ordem_crescente;insertionSort;50000;61,3610
ListaDupla;caso_ordem_crescente;mergeSort;50000;84,6499
ListaDupla;caso_ordem_crescente;quickSort;50000;103792,9520
ListaDupla;caso_ordem_crescente;shellSort;50000;71,9453
ListaDupla;caso_ordem_crescente;heapSort;50000;77,6284
ListaArranjo;caso_ordem_crescente;insertionSort;91134;107,2956
ListaArranjo;caso_ordem_crescente;shellSort;91134;116,4535
ListaArranjo;caso_ordem_crescente;mergeSort;91134;116,2952
ListaArranjo;caso_ordem_crescente;quickSort;91134;24692,5346
ListaArranjo;caso_ordem_crescente;heapSort;91134;123,2358
ListaApontador;caso_ordem_crescente;insertionSort;91134;129,0285
ListaApontador;caso_ordem_crescente;mergeSort;91134;168,7387
ListaApontador;caso_ordem_crescente;shellSort;91134;145,8735
ListaApontador;caso_ordem_crescente;heapSort;91134;143,3895
ListaApontador;caso_ordem_crescente;quickSort;91134;28663,2258
ListaDupla;caso_ordem_crescente;insertionSort;91134;116,5259
ListaDupla;caso_ordem_crescente;mergeSort;91134;172,4792
ListaDupla;caso_ordem_crescente;quickSort;91134;386127,4837
ListaDupla;caso_ordem_crescente;shellSort;91134;140,1892
ListaDupla;caso_ordem_crescente;heapSort;91134;144,7392
ListaArranjo;caso_qualquer;bubbleSort;1000;5,7820
ListaArranjo;caso_qualquer;selectionSort;1000;3,2843
ListaArranjo;caso_qualquer;insertionSort;1000;2,6367
ListaArranjo;caso_qualquer;shellSort;1000;1,6487
ListaArranjo;caso_qualquer;mergeSort;1000;1,6810
ListaArranjo;caso_qualquer;quickSort;1000;1,5300
ListaArranjo;caso_qualquer;heapSort;1000;1,3905
ListaApontador;caso_qualquer;bubbleSort;1000;4,2852
ListaApontador;caso_qualquer;selectionSort;1000;3,7244
ListaApontador;caso_qualquer;insertionSort;1000;2,6786
ListaApontador;caso_qualquer;mergeSort;1000;1,6887
ListaApontador;caso_qualquer;shellSort;1000;1,7040
ListaApontador;caso_qualquer;heapSort;1000;2,0504
ListaApontador;caso_qualquer;quickSort;1000;1,5756
ListaDupla;caso_qualquer;bubbleSort;1000;4,5621
ListaDupla;caso_qualquer;selectionSort;1000;3,9064
ListaDupla;caso_qualquer;insertionSort;1000;2,7020
ListaDupla;caso_qualquer;mergeSort;1000;1,7858
ListaDupla;caso_qualquer;quickSort;1000;2,0803
ListaDupla;caso_qualquer;shellSort;1000;1,7976
ListaDupla;caso_qualquer;heapSort;1000;1,5743
ListaArranjo;caso_qualquer;bubbleSort;10000;234,9624
ListaArranjo;caso_qualquer;selectionSort;10000;99,0709
ListaArranjo;caso_qualquer;insertionSort;10000;61,5897
ListaArranjo;caso_qualquer;shellSort;10000;13,9569
ListaArranjo;caso_qualquer;mergeSort;10000;13,5603
ListaArranjo;caso_qualquer;quickSort;10000;12,8530
ListaArranjo;caso_qualquer;heapSort;10000;13,9399
ListaApontador;caso_qualquer;bubbleSort;10000;588,2316
ListaApontador;caso_qualquer;selectionSort;10000;656,8308
ListaApontador;caso_qualquer;insertionSort;10000;318,2884
ListaApontador;caso_qualquer;mergeSort;10000;15,0968
ListaApontador;caso_qualquer;shellSort;10000;15,1696
ListaApontador;caso_qualquer;heapSort;10000;14,9543
ListaApontador;caso_qualquer;quickSort;10000;14,0699
ListaDupla;caso_qualquer;bubbleSort;10000;605,7362
ListaDupla;caso_qualquer;selectionSort;10000;654,2922
ListaDupla;caso_qualquer;insertionSort;10000;251,9097
ListaDupla;caso_qualquer;mergeSort;10000;15,1118
ListaDupla;caso_qualquer;quickSort;10000;16,4731
ListaDupla;caso_qualquer;shellSort;10000;15,2565
ListaDupla;caso_qualquer;heapSort;10000;14,8222
ListaArranjo;caso_qualquer;insertionSort;50000;3342,1010
ListaArranjo;caso_qualquer;shellSort;50000;96,2278
ListaArranjo;caso_qualquer;mergeSort;50000;69,9446
ListaArranjo;caso_qualquer;quickSort;50000;68,6714
ListaArranjo;caso_qualquer;heapSort;50000;77,3518
ListaApontador;caso_qualquer;insertionSort;50000;41712,9333
ListaApontador;caso_qualquer;mergeSort;50000;100,3711
ListaApontador;caso_qualquer;shellSort;50000;103,9190
ListaApontador;caso_qualquer;heapSort;50000;83,3072
ListaApontador;caso_qualquer;quickSort;50000;79,9757
ListaDupla;caso_qualquer;insertionSort;50000;31019,4861
ListaDupla;caso_qualquer;mergeSort;50000;93,7087
ListaDupla;caso_qualquer;quickSort;50000;261,3656
ListaDupla;caso_qualquer;shellSort;50000;103,1580
ListaDupla;caso_qualquer;heapSort;50000;83,6836
ListaArranjo;caso_qualquer;insertionSort;91134;16154,1214
ListaArranjo;caso_qualquer;shellSort;91134;192,0888
ListaArranjo;caso_qualquer;mergeSort;91134;137,2929
ListaArranjo;caso_qualquer;quickSort;91134;127,7467
ListaArranjo;caso_qualquer;heapSort;91134;156,4148
ListaApontador;caso_qualquer;insertionSort;91134;186917,1781
ListaApontador;caso_qualquer;mergeSort;91134;201,1621
ListaApontador;caso_qualquer;shellSort;91134;222,0602
ListaApontador;caso_qualquer;heapSort;91134;173,2598
ListaApontador;caso_qualquer;quickSort;91134;159,5168
ListaDupla;caso_qualquer;insertionSort;91134;148568,4538
ListaDupla;caso_qualquer;mergeSort;91134;200,7130
ListaDupla;caso_qualquer;quickSort;91134;423,7651
ListaDupla;caso_qualquer;shellSort;91134;214,1729
ListaDupla;caso_qualquer;heapSort;91134;179,0092
ListaArranjo;caso_ordem_decrescente;bubbleSort;1000;2,3337
ListaArranjo;caso_ordem_decrescente;selectionSort;1000;1,5969
ListaArranjo;caso_ordem_decrescente;insertionSort;1000;1,8191
ListaArranjo;caso_ordem_decrescente;shellSort;1000;1,2235
ListaArranjo;caso_ordem_decrescente;mergeSort;1000;1,2513
ListaArranjo;caso_ordem_decrescente;quickSort;1000;1,5205
ListaArranjo;caso_ordem_decrescente;heapSort;1000;1,2611
ListaApontador;caso_ordem_decrescente;bubbleSort;1000;3,0423
ListaApontador;caso_ordem_decrescente;selectionSort;1000;3,0914
ListaApontador;caso_ordem_decrescente;insertionSort;1000;1,2624
ListaApontador;caso_ordem_decrescente;mergeSort;1000;1,3263
ListaApontador;caso_ordem_decrescente;shellSort;1000;1,3109
ListaApontador;caso_ordem_decrescente;heapSort;1000;1,3814
ListaApontador;caso_ordem_decrescente;quickSort;1000;1,6142
ListaDupla;caso_ordem_decrescente;bubbleSort;1000;3,2909
ListaDupla;caso_ordem_decrescente;selectionSort;1000;3,3913
ListaDupla;caso_ordem_decrescente;insertionSort;1000;3,2466
ListaDupla;caso_ordem_decrescente;mergeSort;1000;1,3461
ListaDupla;caso_ordem_decrescente;quickSort;1000;3,0009
ListaDupla;caso_ordem_decrescente;shellSort;1000;1,3161
ListaDupla;caso_ordem_decrescente;heapSort;1000;1,3953
ListaArranjo;caso_ordem_decrescente;bubbleSort;10000;191,9720
ListaArranjo;caso_ordem_decrescente;selectionSort;10000;75,2994
ListaArranjo;caso_ordem_decrescente;insertionSort;10000;98,8817
ListaArranjo;caso_ordem_decrescente;shellSort;10000;11,7375
ListaArranjo;caso_ordem_decrescente;mergeSort;10000;11,9302
ListaArranjo;caso_ordem_decrescente;quickSort;10000;56,4522
ListaArranjo;caso_ordem_decrescente;heapSort;10000;12,2120
ListaApontador;caso_ordem_decrescente;bubbleSort;10000;569,9836
ListaApontador;caso_ordem_decrescente;selectionSort;10000;629,7862
ListaApontador;caso_ordem_decrescente;insertionSort;10000;12,2349
ListaApontador;caso_ordem_decrescente;mergeSort;10000;13,2918
ListaApontador;caso_ordem_decrescente;shellSort;10000;12,7988
ListaApontador;caso_ordem_decrescente;heapSort;10000;14,2910
ListaApontador;caso_ordem_decrescente;quickSort;10000;63,2025
ListaDupla;caso_ordem_decrescente;bubbleSort;10000;576,5494
ListaDupla;caso_ordem_decrescente;selectionSort;10000;625,8343
ListaDupla;caso_ordem_decrescente;insertionSort;10000;545,6748
ListaDupla;caso_ordem_decrescente;mergeSort;10000;13,1633
ListaDupla;caso_ordem_decrescente;quickSort;10000;445,3969
ListaDupla;caso_ordem_decrescente;shellSort;10000;12,9674
ListaDupla;caso_ordem_decrescente;heapSort;10000;13,3680
ListaArranjo;caso_ordem_decrescente;insertionSort;50000;5808,6183
ListaArranjo;caso_ordem_decrescente;shellSort;50000;66,5377
ListaArranjo;caso_ordem_decrescente;mergeSort;50000;58,7751
ListaArranjo;caso_ordem_decrescente;quickSort;50000;2570,2474
ListaArranjo;caso_ordem_decrescente;heapSort;50000;64,0959
ListaApontador;caso_ordem_decrescente;insertionSort;50000;68,6214
ListaApontador;caso_ordem_decrescente;mergeSort;50000;82,7455
ListaApontador;caso_ordem_decrescente;shellSort;50000;74,3018
ListaApontador;caso_ordem_decrescente;heapSort;50000;72,5502
ListaApontador;caso_ordem_decrescente;quickSort;50000;2790,6778
ListaDupla;caso_ordem_decrescente;insertionSort;50000;76316,3356
ListaDupla;caso_ordem_decrescente;mergeSort;50000;76,0476
ListaDupla;caso_ordem_decrescente;quickSort;50000;70290,9942
ListaDupla;caso_ordem_decrescente;shellSort;50000;78,1076
ListaDupla;caso_ordem_decrescente;heapSort;50000;77,3209
ListaArranjo;caso_ordem_decrescente;insertionSort;91134;33722,2318
ListaArranjo;caso_ordem_decrescente;shellSort;91134;139,0495
ListaArranjo;caso_ordem_decrescente;mergeSort;91134;112,3181
ListaArranjo;caso_ordem_decrescente;quickSort;91134;15442,8245
ListaArranjo;caso_ordem_decrescente;heapSort;91134;124,5524
ListaApontador;caso_ordem_decrescente;insertionSort;91134;138,6400
ListaApontador;caso_ordem_decrescente;mergeSort;91134;182,2843
ListaApontador;caso_ordem_decrescente;shellSort;91134;160,3327
ListaApontador;caso_ordem_decrescente;heapSort;91134;156,8220
ListaApontador;caso_ordem_decrescente;quickSort;91134;16236,9955
ListaDupla;caso_ordem_decrescente;insertionSort;91134;327781,9038
ListaDupla;caso_ordem_decrescente;mergeSort;91134;176,7420
ListaDupla;caso_ordem_decrescente;quickSort;91134;292526,8518
ListaDupla;caso_ordem_decrescente;shellSort;91134;178,5963
ListaDupla;caso_ordem_decrescente;heapSort;91134;160,5120
